
{
    "slides":[
        {
            "file_name":"Abderrahman Dandoune.JPG",
            "path":"C:\\Users\\xin\\Desktop\\hw2\\homework2\\SlideshowCreator\\work\\A to K\\Abderrahman Dandoune.JPG",
            "caption":"gsdg",
            "original_width":200,
            "original_height":200,
            "current_width":400,
            "current_height":300,
            "x":350,
            "y":100
        },
        {
            "file_name":"Lei Song.JPG",
            "path":"C:\\Users\\xin\\Desktop\\hw2\\homework2\\SlideshowCreator\\work\\L to Z\\Lei Song.JPG",
            "caption":"sasg",
            "original_width":200,
            "original_height":200,
            "current_width":550,
            "current_height":600,
            "x":200,
            "y":200
        }
    ]
}