<?xml version="1.0" encoding="UTF-8"?>
<project-private xmlns="http://www.netbeans.org/ns/project-private/1">
    <editor-bookmarks xmlns="http://www.netbeans.org/ns/editor-bookmarks/2" lastBookmarkId="0"/>
    <open-files xmlns="http://www.netbeans.org/ns/projectui-open-files/2">
        <group>
            <file>file:/Users/macbook/Desktop/HW1(1)/slide/src/djf/components/AppFileComponent.java</file>
            <file>file:/Users/macbook/Desktop/HW1(1)/slide/src/djf/ui/AppMessageDialogSingleton.java</file>
            <file>file:/Users/macbook/Desktop/HW1(1)/slide/src/djf/AppTemplate.java</file>
            <file>file:/Users/macbook/Desktop/HW1(1)/slide/src/djf/ui/AppGUI.java</file>
        </group>
    </open-files>
</project-private>
