
{
    "slides":[
        {
            "file_name":"Agnieszka Gawrys.JPG",
            "path":"C:\\Users\\xin\\Desktop\\hw1\\homework1\\SlideshowCreator\\work\\A to K\\Agnieszka Gawrys.JPG",
            "caption":"",
            "original_width":200,
            "original_height":200,
            "current_width":200,
            "current_height":200
        },
        {
            "file_name":"Lijiqing Tang.JPG",
            "path":"C:\\Users\\xin\\Desktop\\hw1\\homework1\\SlideshowCreator\\work\\L to Z\\Lijiqing Tang.JPG",
            "caption":"",
            "original_width":200,
            "original_height":200,
            "current_width":200,
            "current_height":200
        }
    ]
}