
{
    "slides":[
        {
            "file_name":"Asher Davidson.JPG",
            "path":"C:\\Users\\xin\\Desktop\\hw1\\homework1\\SlideshowCreator\\work\\A to K\\Asher Davidson.JPG",
            "caption":"zg",
            "original_width":200,
            "original_height":200,
            "current_width":326,
            "current_height":200
        },
        {
            "file_name":"Nicholas Castello.JPG",
            "path":"C:\\Users\\xin\\Desktop\\hw1\\homework1\\SlideshowCreator\\work\\L to Z\\Nicholas Castello.JPG",
            "caption":"",
            "original_width":200,
            "original_height":200,
            "current_width":200,
            "current_height":200
        }
    ]
}